date,market,riskfree,return,vol
2014-04-17,0.003714118,0.0005,-0.055762082,-0.301132753
2014-04-21,0.001083032,0.0006,-0.008854499,0.652341302
2014-04-22,0.005224987,0.0006,-0.01167002,-0.618118428
2014-04-23,-0.001937227,0.0005,-0.002381922,0.518814675
2014-04-24,0.000838698,0.0004,0.016223497,-0.084931044
2014-04-25,-0.007095029,0.0004,-0.068657376,6.038040205
2014-04-28,0.000120569,0.0005,0.000898876,1.763153981
2014-04-29,0.005633916,0.0005,0.000314324,-0.4825309
2014-04-30,0.00254943,0.0005,0.00859631,-0.1929299
2014-05-01,0.001594324,0.0005,0.023877873,-0.22361145
2014-05-02,0.000429782,0.0005,-0.022277766,-0.382162631
2014-05-05,-7.96E-05,0.0005,-0.012946838,0.429007587
2014-05-06,-0.003079028,0.0005,0.000347998,0.175005791
2014-05-07,-0.000375094,0.0005,0.035043174,0.499731657
2014-05-08,0.001301345,0.0005,-0.00896861,-0.613467744
2014-05-12,0.007611517,0.0005,0.005860135,-0.709298099
2014-05-13,0.001688359,0.0005,-0.003618488,-0.445983303
2014-05-14,-0.001313593,0.0005,0.020967521,0.612994914
2014-05-15,-0.007059942,0.0005,-6.71E-05,-0.386853871
2014-05-16,0.000702236,0.0005,0.003423049,-0.08411458
2014-05-19,0.001897896,0.0005,-0.000447227,0.789179882
2014-05-20,-0.005030245,0.0006,0.092706935,13.11038363
2014-05-21,0.004447715,0.0006,0.011383179,-0.609733955
2014-05-22,0.004579338,0.0005,0.066801619,0.98462869
2014-05-23,0.003535782,0.0005,0.001897533,0.105391087
2014-05-27,0.00198544,0.0006,-0.011982198,0.018526961
2014-05-28,-0.00022803,0.0005,-0.006722107,-0.572880174
2014-05-29,0.003712239,0.0005,-0.00146515,0.163981193
2014-05-30,-0.00028209,0.0006,0.091933343,1.511015254
2014-06-03,-0.000234821,0.0006,0.029334365,-0.334001343
2014-06-04,0.000908187,0.0006,-0.030002256,0.266086391
2014-06-05,0.005013962,0.0006,0.02744186,-0.623579115
2014-06-06,0.00600853,0.0006,-0.01539158,-0.447688809
2014-06-09,0.001655629,0.0006,-0.01117293,1.074834149
2014-06-10,0.000177647,0.0006,0.010223063,-0.00594081
2014-06-11,-0.002262671,0.0006,-0.029430563,0.253819135
2014-06-12,-0.002917957,0.0007,-0.072969583,1.476574251
2014-06-13,0.000147489,0.0007,0.022443595,0.110085135
2014-06-16,-0.000263889,0.0007,0.051799747,0.238851125
2014-06-17,0.001304267,0.0007,0.022831507,-0.495598843
2014-06-18,0.00438066,0.0006,-0.011250611,-0.175771855
2014-06-19,0.00602126,0.0005,-0.014858179,-0.338587283
2014-06-20,-0.000897783,0.0004,-0.008353002,1.039475779
2014-06-23,-0.000798747,0.0006,-0.024438803,0.051240912
2014-06-24,-0.003973866,0.0006,-0.002380952,-0.295283713
2014-06-25,-0.000354985,0.0005,-0.037350835,1.990689824
2014-06-26,0.000223874,0.0006,0.016486922,-0.402565526
2014-06-27,0.001944955,0.0006,0.017404181,-0.118107203
2014-06-30,0.002349443,0.0007,0.068673691,8.683228172
2014-07-01,0.005978958,0.0006,0.015713034,-0.142743051
2014-07-02,0.001611905,0.0006,0.00459168,-0.51950735
2014-07-03,0.003798279,0.0006,-0.016933035,-0.339365165
2014-07-07,-0.004932023,0.0006,-0.019685535,0.587544666
2014-07-08,-0.006926837,0.0006,0.002598319,-0.463673082
2014-07-09,0.001584213,0.0006,0.00143977,0.209336417
2014-07-10,-0.00602738,0.0006,-0.014361022,0.503918241
2014-07-11,9.27E-05,0.0007,0.027049805,-0.265992146
2014-07-14,0.00597068,0.0006,-0.015748532,0.421065475
2014-07-15,-0.002986817,0.0006,-4.84E-05,0.016996208
2014-07-16,0.004697728,0.0006,-0.006177918,-0.126409339
2014-07-17,-0.008562011,0.0006,0.011117964,-0.153333206
2014-07-18,0.00481665,0.0005,0.008074225,0.424137615
2014-07-21,-0.002008218,0.0006,-0.007670459,0.733168596
2014-07-22,0.006537913,0.0007,0.003088666,-0.255930068
2014-07-23,0.001960889,0.0005,-0.002256972,-0.291468058
2014-07-24,0.001215513,0.0006,-0.028922281,6.639647301
2014-07-25,-0.004260583,0.0006,-0.001663894,-0.56074287
2014-07-28,-0.000322061,0.0006,-0.013704619,3.19017018
2014-07-29,-0.001871625,0.0006,-0.003733761,-0.627561045
2014-07-30,-0.002028834,0.0006,-0.035441088,0.607190071
2014-07-31,-0.014592638,0.0005,0.036157831,0.783615751
2014-08-05,-0.006576115,0.0005,-0.020239036,-0.534310234
2014-08-07,-0.00453798,0.0004,0.008115296,0.548674091
2014-08-08,0.002207856,0.0005,0.007301133,-0.438374656
2014-08-11,0.007797642,0.0005,-0.024965917,3.368341105
2014-08-12,-0.000943574,0.0005,-0.009857555,-0.057156541
2014-08-13,0.005454288,0.0006,-0.039610951,1.525754114
2014-08-14,0.003843474,0.0006,-0.07548661,1.229635964
2014-08-15,-0.000491266,0.0005,-0.018687873,-0.457151693
2014-08-18,0.007357014,0.0005,-0.068142857,1.868446346
2014-08-19,0.004654585,0.0005,0.04728324,-0.355372771
2014-08-20,6.17E-05,0.0006,0.06754496,0.143060377
2014-08-21,0.00299085,0.0006,0.02503428,-0.401106763
2014-08-22,-0.002628404,0.0006,-0.011886562,-0.295280368
2014-08-25,0.004816028,0.0005,-0.024681017,0.203048226
2014-08-26,0.002461656,0.0005,0.011624191,0.516133744
2014-08-27,0.001361679,0.0005,0.009180652,-0.313369003
2014-08-28,-0.003911413,0.0005,-0.011581727,-0.27096294
2014-08-29,0.00234686,0.0005,0.004097144,0.02454474
2014-09-02,-0.000803311,0.0005,-0.00473904,0.296483066
2014-09-03,0.003376619,0.0005,-0.000922954,-0.635535913
2014-09-04,-0.002121409,0.0005,0.031745365,1.566596969
2014-09-05,0.000474126,0.0005,-0.022140372,-0.461058208
2014-09-08,-0.003026852,0.0005,-0.024101883,9.454846979
2014-09-10,0.000108056,0.0005,0.012731137,-0.440442089
2014-09-11,9.26E-05,0.0005,0.000566644,-0.374148143
2014-09-12,-0.004784394,0.0005,-0.007068546,-0.387964844
2014-09-15,-0.002543267,0.0005,-0.003972153,0.797972472
2014-09-16,0.0024176,0.0004,-0.025019415,0.117089777
2014-09-17,0.00233422,0.0005,-0.024778799,0.557493456
2014-09-18,0.003001888,0.0004,-0.064481236,3.166516211
2014-09-19,-0.001774144,0.0004,-0.063734397,-0.086322684
2014-09-22,-0.008778302,0.0004,0.021664106,-0.454676757
2014-09-23,-0.006119712,0.0004,0.07749587,2.549666471
2014-09-24,0.003835625,0.0003,-0.025400458,-0.566052285
2014-09-25,-0.011236306,0.0003,-0.02880958,-0.025597395
2014-09-26,0.001991465,0.0003,-0.016343109,-0.303087928
2014-09-29,-0.004211622,0.0005,-0.064476612,1.538244048
2014-09-30,-0.003088913,0.0003,0.04222341,-0.085820314
2014-10-01,-0.010924143,0.0004,-0.014871795,-0.405503852
2014-10-02,-0.005960174,0.0003,-0.02961999,0.004473208
2014-10-03,0.00402421,0.0003,-0.037953972,0.94092713
2014-10-06,0.00332397,0.0005,0.096319499,-0.191518239
2014-10-07,-0.00986668,0.0004,-0.018065476,-0.496751224
2014-10-08,0.005055415,0.0005,0.07292456,0.034102606
2014-10-09,-0.010156703,0.0005,0.016977881,0.765536827
2014-10-10,-0.016279032,0.0004,-0.006166667,-0.422769243
2014-10-14,-0.001000233,0.0004,0.015144273,0.273185648
2014-10-15,-0.00815172,0.0005,-0.025475182,-0.394348228
2014-10-16,-0.00214511,0.0005,-0.036160203,-0.014724657
2014-10-20,0.007943322,0.0006,-0.014932674,2.549346868
2014-10-21,0.01354525,0.0006,0.007004522,-0.164634496
2014-10-22,-0.001280943,0.0006,-0.008720704,-0.342848138
2014-10-23,0.006192355,0.0006,-0.06003718,2.193435398
2014-10-24,0.00414072,0.0006,-0.009470752,-0.486408245
2014-10-27,-0.001293692,0.0006,-0.004957507,-0.093656649
2014-10-28,0.011569258,0.0005,0.003644128,-0.614488638
2014-10-29,0.002256975,0.0007,-0.053357161,3.239660625
2014-10-30,0.001565145,0.0006,0.036857246,0.891610558
2014-10-31,0.010739571,0.0005,-0.018496041,-0.366978458
2014-11-03,-0.005143132,0.0007,-0.001171466,0.404310499
2014-11-04,-0.00072947,0.0006,0.012962963,0.244596937
2014-11-05,0.002912074,0.0007,0.03503961,0.442092617
2014-11-06,-0.000261088,0.0006,0.023844569,-0.100506694
2014-11-07,-0.000553968,0.0006,-0.018832662,-0.184666834
2014-11-10,0.005051825,0.0007,0.02078875,-0.045772773
2014-11-12,-0.000362193,0.0007,0.146894198,8.83623457
2014-11-13,-0.000362325,0.0008,-0.001904535,0.419445836
2014-11-14,0.000228505,0.0007,-0.049970185,-0.545942938
2014-11-17,-0.002166361,0.0007,-0.00769821,0.865680582
2014-11-18,0.007105301,0.0007,-0.033480244,-0.19943817
2014-11-19,-0.002257655,0.0007,0,-0.529536751
2014-11-20,0.000974245,0.0007,-0.049333333,0.262983535
2014-11-24,0.002532928,0.0008,0.043105566,2.133093935
2014-11-25,0.001337117,0.0007,-0.011096572,-0.324664211
2014-11-26,0.002880278,0.0007,-0.028873128,-0.272490391
2014-11-28,-0.004140658,0.0007,0.024362483,2.773552477
2014-12-01,-0.007358037,0.0008,0.011230017,-0.140945756
2014-12-02,0.003270947,0.0008,0.004807944,-0.077223748
2014-12-03,0.00253317,0.0007,-0.020622042,0.193027565
2014-12-04,-0.001489546,0.0008,-0.016037811,0.036336529
2014-12-05,0.000835702,0.0008,0.021696306,0.312157801
2014-12-08,-0.007101441,0.001,-0.030375381,2.705026969
2014-12-09,-0.002397177,0.0011,-0.038632011,1.195032515
2014-12-10,-0.013046767,0.001,-0.010615288,-0.675301011
2014-12-11,-0.000989846,0.0009,0.002675104,1.884765968
2014-12-12,-0.012920702,0.0009,0.011733318,-0.662636754
2014-12-15,-0.012256033,0.0011,-0.017589078,0.215884424
2014-12-16,-0.000753993,0.0011,-0.051347845,1.808057016
2014-12-17,0.010334222,0.0011,-0.031029662,0.231380821
2014-12-18,0.01918253,0.0012,-0.024370354,0.288778217
2014-12-19,0.006587122,0.0011,0.024850511,-0.534615931
2014-12-22,0.004344214,0.0016,0.026756891,0.356654732
2014-12-23,-0.000236362,0.0014,0.01517625,-0.435184818
2014-12-24,0.001386984,0.0014,-0.038117927,0.162519695
2014-12-26,0.002283051,0.001,0.040581809,0.751990296
2014-12-29,0.0019401,0.0012,-0.007327858,-0.214717038
2014-12-30,-0.005377861,0.0012,-0.012027491,0.336606119
2014-12-31,-0.005391175,0.0012,0.030112721,-0.107618947
2015-01-02,-0.002932017,0.0011,0.000539631,-0.497033375
2015-01-05,-0.01785842,0.001,0.072442637,-0.468771155
2015-01-06,-0.010155694,0.001,0.0290161,-0.101309534
2015-01-08,0.018480242,0.0008,-0.01199541,-0.241977396
2015-01-09,-0.004618126,0.0008,0.020586993,-0.084801522
2015-01-12,-0.004157937,0.0009,0.002496181,-0.123346977
2015-01-13,0.001104278,0.0008,-0.172996878,6.306198932
2015-01-14,-0.006666667,0.0009,-0.200107851,0.877611775
2015-01-15,-0.001621113,0.0008,0.177022472,-0.299456798
2015-01-16,0.006405677,0.0007,-0.002577443,-0.581110172
2015-01-20,0.001849529,0.0008,-0.025229358,0.729547419
2015-01-21,0.005979805,0.0008,0.063388235,0.032397758
2015-01-22,0.009486879,0.0008,0.028897641,0.075225459
2015-01-23,-0.000719254,0.0007,-0.004731183,-0.326794824
2015-01-26,0.002831629,0.0008,0.079598267,2.938973093
2015-01-27,-0.00268955,0.0008,-0.035168363,-0.601622059
2015-01-28,-0.008865445,0.0008,-0.106817408,0.007049849
2015-01-29,0.001164971,0.0007,-0.02006604,-0.228538905
2015-01-30,-0.009555993,0.0007,-0.012096077,-0.220942851
2015-02-02,0.008714755,0.0007,0.059051137,-0.366777988
2015-02-03,0.012205337,0.0007,-0.04633397,1.19178622
2015-02-04,0.000323127,0.0006,-0.0144101,-0.504527268
2015-02-05,0.006941052,0.0006,-0.040593666,-0.157532222
2015-02-06,-0.004037338,0.0007,0.02854512,-0.096767649
2015-02-09,-0.004037992,0.0008,-0.020098935,0.805456265
2015-02-10,0.005213879,0.0008,0.007185738,-0.375744507
2015-02-11,-0.002864138,0.0007,-0.010385623,-0.358332901
2015-02-12,0.011497328,0.0007,0.017567074,0.041325604
2015-02-13,0.006932018,0.0007,0.060490561,2.438282837
2015-02-17,0.000772445,0.0007,0.022922999,-0.090514696
2015-02-18,0.002755501,0.0007,-0.030910817,-0.079533029
2015-02-19,0.001000647,0.0007,0.027680777,-0.414392451
2015-02-20,0.003452624,0.0007,0.016534063,0.466298909
2015-02-23,0.000919575,0.0008,0.008576619,-0.290262315
2015-02-24,0.002633694,0.0008,0.004482239,-0.275838869
2015-02-25,0.001741003,0.0007,-0.007965303,-0.203239329
2015-02-26,-0.001372087,0.0007,-0.00357323,0.368704448
2015-02-27,-0.000923615,0.0007,0.087415095,2.637594391
2015-03-02,0.001826017,0.0008,0.049226065,0.371516823
2015-03-03,-0.004232602,0.0008,0.030342768,0.347945661
2015-03-04,-0.004901585,0.0008,-0.034893587,-0.145077056
2015-03-05,0.001285307,0.0008,0.015055497,-0.061352918
2015-03-06,-0.011160903,0.0008,-0.011187297,-0.390931459
2015-03-09,-0.001399199,0.001,0.059442724,3.022988823
2015-03-10,-0.016089986,0.001,0.013373672,0.134579143
2015-03-11,-0.000553806,0.001,0.006310218,-0.608076581
2015-03-12,0.010211513,0.001,-0.002730767,-0.001771354
2015-03-13,-0.005344074,0.0011,-0.026706332,0.572004724
2015-03-16,0.00981597,0.0015,0.014175258,0.615246435
2015-03-17,-0.000694325,0.0015,-0.02427968,0.016406757
2015-03-18,0.009602398,0.0012,-0.099007462,2.846076445
2015-03-19,-0.000402094,0.0012,0.023204031,-0.033496935
2015-03-20,0.012199178,0.0011,0.00225251,-0.795292825
2015-03-23,0.002567865,0.0011,-0.005241636,0.366690913
2015-03-24,-0.002180144,0.0011,-0.06924773,1.714574714
2015-03-25,-0.008265978,0.0011,-0.011282422,-0.120931438
2015-03-26,-0.007387379,0.0013,0.011898477,-0.421300997
2015-03-27,-0.000457872,0.0012,-0.004414479,-0.29268582
2015-03-30,0.007585522,0.0014,0.019176955,0.047734221
2015-03-31,-0.007143132,0.0014,-0.003795526,-0.370018385
2015-04-01,-0.000519993,0.0012,-0.001621271,0.151472716
2015-04-02,0.006887662,0.001,0.024033777,0.188383117
2015-04-03,0.002483265,0.001,0.00539169,0.022442508
2015-04-06,0.00668513,0.001,-0.005585942,0.148515357
2015-04-07,-0.000458509,0.001,-0.003471816,-0.546137641
2015-04-08,0.002981674,0.001,-0.036444062,2.640643016
2015-04-09,0.002789868,0.001,-0.013040829,-0.420522894
2015-04-10,0.004264376,0.0009,-0.035934799,0.5955754
2015-04-13,-0.002740016,0.0011,-0.057457627,2.479322221
2015-04-14,0.003734232,0.001,-0.019331056,0.264274363
2015-04-15,0.001761868,0.0008,0.015173742,-0.513131891
2015-04-16,0.002989153,0.0008,0.038609167,0.281336511
2015-04-17,-0.009655691,0.0008,-0.032652174,-0.06649303
2015-04-20,0.003845219,0.001,0.003366248,0.080844194
2015-04-21,0.002278611,0.0009,0.044464326,0.575763036
2015-04-22,0.002802136,0.001,-0.000856568,-0.212733111
2015-04-23,0.003442043,0.0009,0.005186678,-0.646840139
2015-04-24,0.004008197,0.001,-0.016204691,1.781173123
2015-04-27,0.000874694,0.001,0.050159453,-0.254329329
2015-04-28,0.001434142,0.0009,-0.0239469,-0.306184043
2015-04-29,-0.004370851,0.0007,0.004933553,-0.392723186
2015-04-30,-0.010210962,0.0006,0.043830164,2.164793195
2015-05-01,0.003776841,0.0005,-0.00779628,-0.604944406
2015-05-04,0.002164078,0.0008,-0.004997293,0.34423538
2015-05-05,-0.008517234,0.0008,-0.014104549,0.040680048
2015-05-06,-0.000948587,0.0008,-0.02050433,-0.199366949
2015-05-07,-0.00329662,0.0008,0.032722229,1.671145381
2015-05-08,0.013847397,0.0008,0.030216552,-0.428864101
2015-05-11,-0.001811581,0.0009,0.009631752,0.232653875
2015-05-12,-0.003192963,0.0009,-0.004482092,-0.155123838
2015-05-13,0.003528043,0.0009,-0.027385378,0.010533468
2015-05-14,0.006843076,0.0008,0.004798913,1.478284503
2015-05-15,0.00269171,0.0009,0.001775148,-0.727217746
2015-05-18,0.000768061,0.0008,-0.016062044,1.766837804
2015-05-19,-0.002540851,0.0007,0.001076797,-0.424591195
2015-05-20,-0.000321217,0.0008,0.005636348,0.564479448
2015-05-21,0.002585505,0.0007,0.006332093,-0.065945109
2015-05-26,-0.010736426,0.0009,0.002993886,-0.020610404
2015-05-27,0.005290244,0.0009,-0.006894812,0.005245591
2015-05-28,-0.001912233,0.0008,0.002455338,-0.289805969
2015-05-29,-0.006124835,0.0006,-0.000844595,0.106250761
2015-06-01,-0.000485721,0.0007,-0.039102005,3.770594902
2015-06-02,0.00195142,0.0007,0.019734156,-0.481280179
2015-06-03,0.003304132,0.0007,0.003648011,-0.063010651
2015-06-04,-0.007923439,0.0008,-0.007136525,-0.366060595
2015-06-05,-0.007765926,0.0008,0.005491317,0.695641826
2015-06-08,-0.004626965,0.0009,0.023150636,0.589824096
2015-06-09,-0.001256553,0.0008,0.00625848,-0.426421744
2015-06-10,0.01355388,0.001,-0.004653793,-0.334518863
2015-06-11,0.001165155,0.001,0.002752895,-0.122881737
2015-06-12,-0.004115132,0.001,0.000522921,-0.051140274
2015-06-15,-0.00745465,0.0011,0.016002403,1.193424416
2015-06-16,0.002762622,0.0011,0.047588886,1.464558882
2015-06-17,-0.00048347,0.001,-0.00040308,0.060368044
2015-06-18,0.010342048,0.0008,0.006371225,-0.390660731
2015-06-19,-0.002804122,0.0005,-0.010938815,-0.341607619
2015-06-22,0.011453785,0.0008,0.013476426,1.500863038
2015-06-23,0.000421922,0.0009,-0.010548864,-0.441372509
2015-06-24,-0.004985616,0.0008,-0.01638005,0.423699709
2015-06-25,-0.002414472,0.0007,0.002865449,-0.387190142
2015-06-26,-0.003383889,0.0008,0.005176198,-0.230522817
2015-06-29,-0.021575121,0.0011,0.024943766,1.048374887
2015-06-30,0.000855891,0.0011,0.03385978,0.424716179
2015-07-01,0.005651826,0.0013,-0.016640764,-0.518693927
2015-07-02,-0.000371063,0.001,-0.019196669,-0.208908238
2015-07-06,-0.009835227,0.0009,0.011782087,0.252040059
2015-07-07,-0.003835406,0.0008,-0.029532014,-0.545498415
2015-07-08,-0.012446274,0.0008,0.00485236,0.374565009
2015-07-09,0.007065395,0.0008,0.011866437,-0.306942311
2015-07-10,0.014410884,0.0009,0.059376272,2.509587916
2015-07-13,0.009065774,0.001,-0.047387054,0.241574621
2015-07-14,0.005294885,0.001,-0.010910331,-0.684926478
2015-07-15,-0.001305232,0.0011,0.002861082,-0.307488115
2015-07-16,0.007218912,0.001,-0.034303784,2.537308806
2015-07-17,-0.000961729,0.0011,-0.005018687,-0.513316087
2015-07-20,-0.000374366,0.0014,0.011672303,0.750554904
2015-07-21,-0.001719671,0.0013,0.00413342,-0.114173674
2015-07-22,-0.005956482,0.0013,-0.010487883,0.104835008
2015-07-23,-0.003019193,0.0013,-0.001772537,-0.427215065
2015-07-24,-0.01009703,0.0013,0.048668237,2.404742569
2015-07-27,-0.008475304,0.0015,0.01602597,1.505124985
2015-07-28,0.006611518,0.0014,-0.007365306,-0.265606867
2015-07-29,0.007998999,0.0014,-0.013111977,-0.105299317
2015-07-30,-0.001272166,0.0015,-0.013389179,-0.179523225
2015-07-31,0.004225243,0.0014,-0.009360429,0.229614657
2015-08-03,-0.003356691,0.0017,0.006553312,0.335841673
2015-08-04,-0.000752755,0.0018,0.006229104,-0.172432277
2015-08-05,0.001584306,0.0019,-0.009688025,-0.372057599
2015-08-06,-0.005737902,0.0019,-0.013950203,0.347507138
2015-08-07,-0.002963494,0.0022,0.0002149,0.161472709
2015-08-10,0.010270088,0.0024,-0.002185628,-0.577984469
2015-08-11,-0.009352741,0.0023,0.01824087,-0.040198996
2015-08-12,-0.005322308,0.0022,0.000778874,0.69063345
2015-08-13,-3.14E-05,0.0023,-0.017566616,-0.273699996
2015-08-14,0.001634359,0.0024,0.008864914,-0.015447469
2015-08-17,0.001686605,0.0024,-0.01045977,-0.619994121
2015-08-18,-0.003383194,0.0025,-0.020598598,2.061532366
2015-08-19,-0.010254758,0.0022,-0.112749555,2.634168615
2015-08-20,-0.016180639,0.0021,0.052042953,-0.770436177
2015-08-21,-0.025630473,0.002,-0.016348312,-0.53127943
2015-08-24,-0.038430002,0.002,-0.076017225,2.900407262
2015-08-25,-0.001378134,0.0019,0.056686323,0.500892635
2015-08-26,0.018000845,0.002,0.019711971,-0.660519656
2015-08-27,0.021215664,0.0021,0.003927972,-0.525008403
2015-08-28,0.005741309,0.0024,0.02817954,1.299223768
2015-08-31,-0.006459224,0.0027,0.013125549,0.090672458
2015-09-01,-0.025996563,0.0026,-0.014472031,-0.161786927
2015-09-02,0.007322604,0.0025,0.009364696,0.000647652
2015-09-03,0.004552879,0.0024,-0.011020124,-0.292823803
2015-09-04,-0.016107156,0.0023,0.018762387,0.706763124
2015-09-08,0.016845998,0.0027,0.011686697,1.390616722
2015-09-09,0.003081041,0.0026,-0.021587744,-0.156512037
2015-09-10,-0.00198058,0.0025,0.00293071,-0.204195893
2015-09-11,0.001219297,0.0024,0.005635567,-0.324826978
2015-09-14,-0.003275494,0.0026,0.010737263,-0.188433122
2015-09-15,0.007549968,0.0027,-0.009849039,-0.255402256
2015-09-16,0.012385843,0.0024,-0.006254887,0.184657517
2015-09-17,0.000644346,0.0016,0.021986188,0.311869316
2015-09-18,-0.011186236,0.001,0.002181258,-0.242281478
2015-09-21,-0.002821934,0.0011,-0.016714772,1.412831671
2015-09-22,-0.01599156,0.001,0.009200438,1.327657306
2015-09-23,-0.004262814,0.0009,0.00078142,-0.67729362
2015-09-24,-0.005896075,0.0009,0.015052271,1.072434879
2015-09-25,0.003825094,0.0007,0.006709402,-0.031219109
2015-09-28,-0.019917453,0.001,0.027663583,3.432287572
2015-09-29,-0.006814846,0.0009,-0.008667389,-0.162462615
2015-09-30,0.019564376,0.0008,-0.003446826,-0.426116867
2015-10-01,0.00419327,0.0008,0.00577864,0.094925707
2015-10-02,0.011358754,0.0006,-0.003061438,-0.15417095
2015-10-05,0.019089612,0.0006,0.007346802,3.957655561
2015-10-06,0.002584302,0.0007,0.021879662,0.547223616
2015-10-07,0.009520642,0.0008,-0.009164639,-0.530493019
2015-10-08,0.00513961,0.0007,-0.003355979,-0.145653806
2015-10-09,0.006735828,0.0007,0.005379435,-0.400852966
2015-10-13,-0.008757237,0.0008,0.015752507,2.161590477
2015-10-14,-0.0049628,0.0008,0.016267637,-0.365833647
2015-10-15,0.014575192,0.0008,0.000943916,-0.002521143
2015-10-16,0.00364833,0.0007,0.028251473,1.002520955
2015-10-19,-0.001651568,0.0012,-0.001172023,-0.426259189
2015-10-20,-0.001313709,0.0012,0.021953897,0.287402149
2015-10-21,-0.003361672,0.0012,-0.00581503,-0.232121892
2015-10-22,0.007870359,0.0011,0.024700097,1.552341496
2015-10-23,0.010104685,0.0013,0.010034539,-0.422294115
2015-10-26,-0.001016366,0.0016,-0.00333565,-0.516600633
2015-10-27,-0.005575672,0.0018,0.039813136,0.248380607
2015-10-28,0.009675184,0.0021,0.01505398,0.468544675
2015-10-29,-0.005760654,0.0021,0.042246078,0.354242513
2015-10-30,9.63E-05,0.0022,0.029378209,0.287018896
2015-11-02,0.005480529,0.0027,0.116286149,1.556287485
2015-11-03,0.002082901,0.0026,0.09667303,1.787555228
2015-11-04,-0.00102734,0.0027,-0.022777571,0.441395856
2015-11-05,-0.001674134,0.0027,-0.006844958,-0.311993513
2015-11-06,-0.004391989,0.0031,-0.038893159,-0.363110593
2015-11-09,-0.007611608,0.0034,0.021842457,0.29306192
2015-11-10,-0.001567943,0.0034,-0.122034075,1.173648931
2015-11-12,-0.011180054,0.0034,0.077392878,-0.543960813
2015-11-13,-0.010120182,0.003,0.025104226,-0.42481615
2015-11-16,0.00586806,0.0033,0.032442391,-0.247985506
2015-11-17,0.005611977,0.0034,0.022652351,0.074528658
2015-11-18,0.007958362,0.0031,-0.006299166,-0.466198126
2015-11-19,0.006517457,0.003,-0.024017142,0.232139421
2015-11-20,0.002061773,0.003,-0.017777642,0.767141861
2015-11-23,-0.002692472,0.0035,-0.001142434,0.000542641
2015-11-24,-0.00074948,0.0036,-0.010046368,0.289740948
2015-11-25,0.001137161,0.0038,0.026010929,1.18305879
2015-11-27,-0.002874532,0.0037,0.023462072,-0.50222493
2015-11-30,-0.004267861,0.0042,0.006755858,1.157891237
2015-12-01,0.009437624,0.0041,-0.040289556,-0.095610998
2015-12-02,-0.007723059,0.0041,-0.009662501,-0.307055523
2015-12-03,-0.009632076,0.0044,0.002307158,-0.104454901
2015-12-04,0.007361573,0.0048,0.00429863,-0.474316722
2015-12-07,-0.00521984,0.0056,-0.001057295,-0.425720692
2015-12-09,-0.003664539,0.0052,0.053273525,0.815456334
2015-12-10,-0.001096808,0.0054,-0.003038568,-0.680647512
2015-12-11,-0.015603329,0.0051,0.082579376,2.231982465
2015-12-14,-0.003983629,0.0053,0.018390805,-0.234434469
2015-12-15,0.008563273,0.0053,0.049119639,0.451070761
2015-12-16,0.013441309,0.005,-0.023173251,0.717739578
2015-12-18,-0.012091027,0.0046,0.019978414,-0.61124504
2015-12-21,0.002835356,0.005,-0.015363065,-0.078175913
2015-12-22,0.006415887,0.0046,-4.59E-05,-0.572698548
2015-12-23,0.012425819,0.0046,0.014226709,-0.045092428
2015-12-24,0.001699382,0.0048,0.031425339,0.165618095
2015-12-28,-0.001885663,0.005,-0.006864827,-0.064490361
2015-12-29,0.008148312,0.0049,0.018076439,-0.136077684
2015-12-30,-0.005556687,0.0046,-0.007956136,0.047906796
2015-12-31,-0.006939608,0.0048,0.012300383,-0.048401802
2016-01-04,-0.020377688,0.0048,0.015210991,-0.297773175
2016-01-05,-0.000126325,0.0048,-0.006145136,-0.119138743
2016-01-06,-0.012111922,0.0046,-0.001922097,-0.291264205
2016-01-07,-0.0214941,0.0045,0.060929488,5.382254325
2016-01-08,-0.0083822,0.0044,-0.00513942,-0.337214023
2016-01-11,-0.004674663,0.0047,0.003576698,0.126087492
2016-01-12,0.001235952,0.0046,-0.005702321,-0.239674727
2016-01-13,-0.009028947,0.0045,-0.03326762,2.635139754
2016-01-14,0.001058822,0.0042,-0.004101685,-0.685587073
2016-01-15,-0.017518754,0.0036,-0.164277736,8.322036247
2016-01-19,0.004364866,0.0037,-0.020876395,-0.117085628
2016-01-20,-0.019112894,0.0034,0.10750475,3.817258193
2016-01-21,0.002113755,0.0037,-0.020705266,-0.649509937
2016-01-22,0.026923467,0.004,-0.072990925,1.14415048
2016-01-25,-0.008395372,0.0042,-0.029321946,-0.023914293
2016-01-26,0.007824231,0.0044,0.007213014,-0.552571106
2016-01-27,-0.001552697,0.0042,0.003021992,-0.158013206
2016-01-28,0.001213527,0.0044,-0.041977872,1.930758368
2016-01-29,0.020200932,0.0042,-0.002087793,1.485798007
2016-02-01,0.002692927,0.0046,0.016141388,0.665488401
2016-02-02,-0.017351694,0.0046,0.003984707,-0.578814919
2016-02-03,0.000142908,0.0045,-0.010512202,0.263484276
2016-02-04,0.006894335,0.0042,0.05685945,1.829821465
2016-02-05,-0.014625537,0.0044,-0.00877013,-0.547957355
2016-02-08,-0.015418681,0.0041,-0.004085912,0.292978313
2016-02-09,-0.007139853,0.0042,0.009392966,-0.462124432
2016-02-10,-0.001325906,0.0041,0.018530898,2.708012252
2016-02-11,-0.012575949,0.0038,-0.0076398,-0.568699561
2016-02-12,0.00905721,0.0038,0.013095585,-0.301246013
2016-02-16,0.009992875,0.0041,0.018429607,-0.5356388
2016-02-17,0.014614912,0.0042,0.018685393,1.17287124
2016-02-18,0.001702499,0.0044,0.015956421,-0.17013159
2016-02-19,-0.003434805,0.0045,-0.003914591,-0.4740676
2016-02-22,0.012491852,0.0045,-0.000499444,-0.620168136
2016-02-23,-0.010141809,0.0046,-0.042860063,0.98507787
2016-02-24,-0.003902283,0.0045,0.01177029,-0.308500815
2016-02-25,0.010858288,0.0045,-0.003471245,-0.393753044
2016-02-26,0.001026385,0.0046,0.024971757,0.387222301
2016-02-29,-0.00373009,0.0049,0.010841294,0.027050609
2016-03-01,0.017558024,0.0049,-0.0094954,-0.037915085
2016-03-02,0.009826403,0.0047,-0.029655854,-0.160111899
2016-03-03,0.007788081,0.0045,-0.003624819,0.266980333
2016-03-04,0.007119602,0.0046,-0.027915161,0.041935724
2016-03-07,0.000893229,0.0048,0.02156421,-0.22330433
2016-03-08,-0.009366288,0.0047,-0.003077892,-0.331821164
2016-03-09,0.002273624,0.0046,0.004132734,-0.117302128
2016-03-10,-0.000376651,0.0049,0.00837671,0.518548701
2016-03-11,0.017392421,0.005,0.009507575,0.128068065
2016-03-14,0.001060552,0.0051,0.005552861,0.160823837
2016-03-15,-0.006558369,0.0051,0.003376016,0.091600188
2016-03-16,0.00149807,0.0046,0.003124324,-0.298037779
2016-03-17,0.015735788,0.0046,0.0027073,0.218566813
2016-03-18,0.002878751,0.0043,-0.024634426,1.444242613
2016-03-21,-0.001119988,0.0045,0.001533556,0.171275725
2016-03-22,0.000282387,0.0045,0.012978806,0.258201445
2016-03-23,-0.00855226,0.0045,0.005638466,-0.316704999
2016-03-24,-0.005585984,0.0045,-0.008708515,0.165973572
2016-03-28,0.002466081,0.0048,-0.001621774,-0.575269579
2016-03-29,0.005432182,0.0044,-0.020858347,1.494319481
2016-03-30,0.011573919,0.0038,-0.005169388,-0.611546286
2016-03-31,-0.00168403,0.0038,0.00828983,-0.210161383
2016-04-01,-0.006003275,0.0039,-0.00220523,-0.236340937
2016-04-04,0.000116465,0.0038,-0.000760239,0.481058798
2016-04-05,-0.013433481,0.0036,0.005896339,0.153915756
2016-04-06,0.007377305,0.0035,0.000283634,-0.134450692
2016-04-07,-0.006034382,0.0035,-0.005174858,0.26137144
2016-04-08,0.007030928,0.0033,-0.004037909,0.316840499
2016-04-11,0.0012375,0.0034,0.005105676,0.626447796
2016-04-12,0.007273851,0.0034,0.007324276,1.241583336
2016-04-13,0.013729636,0.0035,-0.003189867,-0.541608059
2016-04-14,0.003246886,0.0036,0.001976517,-0.413656721
2016-04-15,-0.000472821,0.0036,0.010896367,2.978553254
2016-04-18,0.002096077,0.0035,0.002450466,-0.188742376
2016-04-19,0.010491019,0.0036,0.015039344,0.371619622
2016-04-20,0.000515481,0.0035,0.016720183,1.47706958
2016-04-21,-0.002165513,0.0036,0.017370119,-0.238678202
2016-04-22,-0.002912441,0.0037,-0.007871571,-0.324616623
2016-04-25,-0.002500202,0.004,0.009164991,-0.019099892
2016-04-26,0.002328015,0.0042,0.002034828,-0.063312636
2016-04-27,0.000582675,0.0039,-0.042388098,0.714644365
2016-04-28,-0.004335167,0.0038,0.002522378,-0.259895719
2016-04-29,-0.003492982,0.0039,0.011288742,-0.510944604
2016-05-02,0.001842281,0.004,-0.015140767,5.312008408
2016-05-03,-0.011074044,0.0039,0.01622887,-0.585845917
2016-05-04,-0.008762619,0.0038,-0.00992292,-0.40132304
2016-05-05,-0.002199645,0.0038,0.003557047,0.429521415
2016-05-06,0.001073131,0.0038,0.030941394,1.537787768
2016-05-09,-0.001005501,0.0037,0.004023576,1.477634417
2016-05-10,0.010996781,0.0035,-0.024001386,0.374363281
2016-05-11,-0.004303145,0.0036,0.002352628,-0.542892426
2016-05-12,-0.002032789,0.0036,0.005314202,0.858382355
2016-05-13,-0.009075101,0.0037,0.004911678,-0.608222006
2016-05-16,0.006885372,0.0038,-0.010263898,0.590928594
2016-05-17,-0.003178476,0.0039,-0.003038443,-0.093777023
2016-05-18,-0.001340382,0.0042,0.004659894,-0.159237297
2016-05-19,-0.009003451,0.0042,-0.027412016,2.656017105
2016-05-20,0.007512156,0.0045,-0.003955339,-0.154199715
2016-05-23,-0.001335927,0.0047,0.009844003,0.012464466
2016-05-24,0.009907447,0.0047,0.008323156,0.146087108
2016-05-25,0.009205908,0.0046,0.006661881,0.468364039
2016-05-26,0.002132826,0.0045,0.010784554,-0.240314292
2016-05-27,0.002881373,0.0046,0.044022662,5.219167765
2016-05-31,-0.000587587,0.0048,-0.005065231,0.37362953
2016-06-01,-0.000579767,0.0048,0.01491612,-0.451158036
2016-06-02,0.000825217,0.0047,0.004571957,-0.349649369
2016-06-03,0.003690007,0.0042,0.048441185,1.76565968
2016-06-06,0.005156777,0.0043,0.013776112,-0.03598645
2016-06-07,0.005988072,0.0042,-0.0151121,0.351192428
2016-06-08,0.003909298,0.0042,0.014874798,-0.501307047
2016-06-09,-0.006201675,0.0042,-0.012242522,0.199373886
2016-06-10,-0.014238376,0.0041,0.001768132,-0.25810375
2016-06-13,-0.012980002,0.004,0.02726299,0.065588898
2016-06-14,-0.009421767,0.004,-0.023025611,-0.478906244
2016-06-15,0.002785655,0.0036,0.015132243,-0.47244993
2016-06-16,-0.004996913,0.0035,0.117381035,2.479353489
2016-06-17,0.005592119,0.0036,-0.043425021,-0.193359975
2016-06-21,0.002669833,0.004,-0.14048648,2.638409516
2016-06-22,-0.000212365,0.0039,-0.080980085,-0.026948814
2016-06-23,0.013635064,0.0042,0.044,0.354451764
2016-06-24,-0.047842417,0.0037,0.046293658,-0.280927611
2016-06-27,-0.022549899,0.0035,0.024042038,-0.012661864
2016-06-28,0.0165665,0.0035,0.003106646,-0.120960786
2016-06-29,0.021918952,0.0034,-0.016964299,-0.151659643
2016-06-30,0.012079026,0.0035,0.052962382,0.180515287
2016-07-01,0.004843134,0.0036,0.009898927,0.102978521
2016-07-05,-0.010090007,0.0034,-0.014346927,-0.170748232
2016-07-06,-0.004194624,0.0035,0.014076062,-0.157627743
2016-07-07,0.002916203,0.0036,-0.059395695,3.730413173
2016-07-08,0.010222594,0.0035,0.037183718,-0.582589918
2016-07-11,0.010365159,0.0039,-0.001802801,0.353525506
2016-07-12,0.008700522,0.0039,0.044919885,1.004218037
2016-07-13,0.002228784,0.0039,-0.020534184,-0.349227976
2016-07-14,0.005242453,0.004,-0.00374046,0.163862271
2016-07-15,-0.001166013,0.0041,0.00504133,-0.559902167
2016-07-18,0.00184701,0.0043,-0.007346243,-0.023385258
2016-07-19,-0.002849207,0.0043,0.000518043,-0.421642042
2016-07-20,0.004738236,0.0043,-0.014305369,0.208207166
2016-07-21,-0.001051516,0.0043,-0.002296263,-0.183446702
2016-07-22,0.000526312,0.0043,-0.028686613,1.507564882
2016-07-25,-0.001378849,0.0043,-0.010282465,0.010174842
2016-07-26,0.001460565,0.0042,0.000779197,0.422213448
2016-07-27,0.00076508,0.0039,0.001496115,-0.290452204
2016-07-28,0.001218415,0.0038,-0.000182924,-0.389800431
2016-07-29,0.007874266,0.0037,0.004726402,0.078310705
2016-08-01,-0.001396824,0.0039,-0.032786106,0.249187558
2016-08-08,0.003090934,0.0044,-0.010272458,-1
2016-08-11,0.004509592,0.0044,0.000845666,0.002510709
2016-08-12,0.000687065,0.0042,-0.012927757,-0.667101498
2016-08-15,0.002371868,0.0045,-0.00417114,0.012942056
2016-08-16,-0.004576837,0.0044,0.019758934,-0.173921466
2016-08-17,-0.000789772,0.0045,-0.009306759,-0.198417901
2016-08-18,0.003889376,0.0043,0.001207075,0.180423904
2016-08-19,-0.003297449,0.0043,0.003546967,-0.508921242
2016-08-22,-0.000164245,0.0044,0.012217366,0.678872021
2016-08-23,0.00355922,0.0044,-0.007377941,0.059230003
2016-08-24,-0.004723599,0.0045,-0.004658332,0.043175538
2016-08-25,-0.001535016,0.0045,-0.005764135,-0.293662288
2016-08-26,-0.000470625,0.0046,0.000328816,-0.50567195
2016-08-29,-0.001177117,0.0048,0.000731924,0.784924627
2016-08-30,-0.000675676,0.0047,0.008707009,0.140045412
2016-08-31,-0.002673082,0.0046,-0.00825205,0.107605765
2016-09-01,0.001899822,0.0046,-0.003307396,0.012138678
2016-09-02,0.006821669,0.0044,0.005082348,0.287855932
2016-09-06,0.006187656,0.0045,-0.000227968,-0.406442773
2016-09-07,0.001796862,0.0048,0.008746213,0.705074329
2016-09-08,-0.001298842,0.0049,0.017356906,0.584020948
2016-09-09,-0.020653672,0.005,-0.007284558,-0.437762909
2016-09-12,0.000181804,0.0053,0.002164715,-0.455055354
2016-09-13,-0.010961567,0.0053,0.004712813,0.420640494
2016-09-14,-0.001646077,0.0051,-0.000146585,-0.175353286
2016-09-15,0.006531135,0.0048,-0.002264249,-0.298411331
2016-09-16,-0.004397404,0.0049,-0.003787755,-0.083980877
2016-09-19,0.005527024,0.0048,-0.007070477,0.027183738
2016-09-20,5.56E-05,0.0049,-0.000377371,-0.073484687
2016-09-21,0.010841766,0.0044,-0.016823964,2.144069077
2016-09-22,0.01195911,0.0039,-0.00427379,-0.713727925
2016-09-23,-0.005862302,0.0039,0.01265844,-0.208140565
2016-09-26,-0.008825781,0.0042,0.014625777,1.140588584
2016-09-27,0.003049549,0.0042,-0.008389565,0.025409477
2016-09-28,0.00293815,0.0044,0.000811285,-0.388257662
2016-09-29,-0.002890377,0.0042,0.002101014,0.429835631
2016-09-30,0.001366893,0.0044,0.008832172,-0.000907907
2016-10-03,0.000101985,0.0048,0.004639877,-0.355817244
2016-10-04,-0.002251281,0.0047,-0.003214962,0.278621653
2016-10-05,0.001478034,0.0047,0.006008612,-0.202418518
2016-10-06,-0.001428751,0.0045,-0.000683527,-0.000155325
2016-10-07,-0.003506234,0.0045,0.010145919,0.442806529
2016-10-11,-0.011112421,0.0047,0.036731198,3.721144919
2016-10-12,-0.003099395,0.0048,-0.005019094,-0.687292259
2016-10-13,-0.004376559,0.0044,-0.000892955,0.248509649
2016-10-14,0.002842456,0.0045,0.005723156,0.319998942
2016-10-17,-0.003185705,0.0047,-0.007840154,1.141119596
2016-10-18,0.008858772,0.0047,-0.000125182,0.155963664
2016-10-19,0.003890309,0.0047,-0.011643375,0.573639561
2016-10-20,-0.001589637,0.0047,0.001868419,-0.635173893
2016-10-21,-0.001893174,0.0046,0.003982741,1.150354903
2016-10-24,0.003364973,0.0046,-0.005949219,-0.005631583
2016-10-25,-0.002681368,0.0048,0.018977389,-0.354461473
2016-10-26,-0.001824108,0.0048,0.011237302,2.589978763
2016-10-27,-0.004115717,0.0048,0.016105613,-0.030403794
2016-10-28,-0.001787125,0.0048,0.007013809,-0.23305678
2016-10-31,0.000543491,0.0051,-0.000455646,-0.267122661
2016-11-01,-0.003634621,0.005,0.044189293,1.535863755
2016-11-02,-0.007704642,0.005,0.006125512,-0.630883828
2016-11-03,-0.003199509,0.0051,-0.077695969,2.39487947
2016-11-04,-0.004393182,0.0051,0.042076479,-0.436237116
2016-11-08,0.003538729,0.0055,-0.014809946,-0.459499145
2016-11-09,-0.000519742,0.0055,0.010674692,1.588629516
2016-11-10,0.003584086,0.0058,0.016053596,0.531643643
2016-11-14,-0.002795959,0.0064,5.69E-05,0.469719983
2016-11-15,0.004603371,0.006,0.005429144,-0.309894687
2016-11-16,-0.000959639,0.0061,0.006460003,0.323269545
2016-11-17,0.004290506,0.006,0.044199438,1.262319632
2016-11-18,-0.00500546,0.0059,-0.003766124,-0.171414739
2016-11-21,0.006792967,0.0059,-0.030854031,1.301637675
2016-11-22,0.003031436,0.006,0.012772897,-0.482427958
2016-11-23,-0.002102107,0.0062,0.014695733,0.317261436
2016-11-25,0.00437437,0.0061,-0.005903045,0.087220744
2016-11-28,-0.003011572,0.0059,-0.008479328,-0.221545502
2016-11-29,0.000372628,0.0059,0.009007021,0.183748168
2016-11-30,-0.001085768,0.0061,-0.000642498,0.365425904
2016-12-01,-0.001840671,0.0059,0.010874769,-0.02126702
2016-12-02,-0.000445119,0.006,0.022138024,1.423389747
2016-12-05,0.004715593,0.0062,0.001472562,-0.270841604
2016-12-06,0.006672154,0.0062,-0.022966818,1.403416793
2016-12-07,0.011447531,0.0062,0.00855031,-0.475064395
2016-12-08,0.004049905,0.0061,0.010220925,1.025505862
2016-12-09,0.002996144,0.0063,0,-0.555723817
2016-12-12,-0.001096077,0.0063,-0.003480398,0.232401788
2016-12-13,0.007155497,0.0065,0.010101141,0.630502292
2016-12-14,-0.005600865,0.0065,-0.003843237,-0.174080588
2016-12-15,-0.006944069,0.0064,-0.000658065,-0.340595028
2016-12-16,5.44E-05,0.0064,0.003796046,-0.134722808
2016-12-19,0.00185683,0.0064,-0.001024033,-0.607621564
2016-12-20,0.001101176,0.0065,0.000518869,-0.115967746
2016-12-21,-0.000681669,0.0064,0.011080332,2.258367244
2016-12-22,-0.002433976,0.0064,0.037505473,1.311750144
2016-12-23,0.000885829,0.0064,0.035775867,-0.058048347
2016-12-27,0.00128919,0.0065,0.011531355,-0.020275599
2016-12-28,-0.00398669,0.0061,0.030425405,-0.223116777
2016-12-29,0.002515282,0.0061,0.048343176,1.268625047
2016-12-30,-3.11E-05,0.0061,-0.009880819,0.084886335
2017-01-03,0.002522097,0.0064,0.020275409,0.622281029
2017-01-04,0.009428266,0.0062,0.01814615,-0.35202266
2017-01-05,0.00543695,0.0061,0.097880539,2.800701719
2017-01-06,-0.00051101,0.006,-0.11951562,0.698711779
2017-01-09,-0.003815454,0.0059,0.008589362,-0.243749852
2017-01-10,0.002719348,0.0059,-0.014073589,-0.460076407
2017-01-11,-0.000870887,0.0059,0.003034296,-0.268206524
2017-01-12,0.004212957,0.0058,-0.139321005,4.179079772
2017-01-13,0.002314639,0.006,0.032620966,-0.429527239
2017-01-17,-0.000152412,0.0061,0.011404342,0.422615406
2017-01-18,0.00176063,0.0062,0.089013372,2.573410656
2017-01-19,-0.005713894,0.0061,-0.01753338,-0.220588057
2017-01-20,0.003397534,0.0061,0.01511023,-0.292738244
2017-01-23,0.000678731,0.0058,-0.000324668,0.794385356
2017-01-24,0.005250884,0.0061,-0.019194128,-0.550992459
2017-01-25,0.007892044,0.006,-0.021567567,1.098255054
2017-01-26,-0.000436267,0.0061,0.007783857,-0.490929381
2017-01-27,-0.000428933,0.0062,0.024648794,-0.062526133
2017-01-30,-0.005751669,0.0062,-0.007482897,-0.252878318
2017-01-31,0.000212014,0.0063,0.005270944,0.288809873
2017-02-01,0.001067414,0.0064,0.053239731,4.635182076
2017-02-02,0.001073838,0.0063,0.017925895,-0.421369434
2017-02-03,0.005937542,0.0062,0.023873434,0.567485004
2017-02-06,-0.003334234,0.0061,-0.023761032,-0.055198214
2017-02-07,-0.001009644,0.0062,0.015895092,-0.450302241
2017-02-08,0.002669965,0.0062,0.028848034,0.706659732
2017-02-09,0.003121709,0.0063,-0.003041536,0.52140588
2017-02-10,0.004476773,0.0063,-0.060930499,1.594219046
2017-02-13,0.004635989,0.0062,-0.004,-0.533268748
2017-02-14,-0.000185773,0.0065,0.000522088,1.082000423
2017-02-15,0.005774891,0.0066,0.016838598,0.347560312
2017-02-16,0.001973028,0.0065,0.000690812,-0.540372695
2017-02-17,-0.000855508,0.0065,0.024161736,1.004583219
2017-02-21,0.00305348,0.0068,0.032853626,1.065213266
2017-02-22,-4.41E-05,0.0067,0.035475296,0.842708243
2017-02-23,0.001617754,0.0065,-0.002655807,-0.414304041
2017-02-24,-0.003443187,0.0064,0.056896858,0.822437656
2017-02-27,0.000147338,0.0067,0.022289679,-0.318582466
2017-02-28,-0.002003506,0.0068,0.014592348,0.06769173
2017-03-01,0.008369621,0.0078,-0.005686094,0.470920574
2017-03-02,-0.00422327,0.0082,0.038432428,0.296347194
2017-03-03,-0.000720339,0.0082,0.018302559,0.353138419
2017-03-06,-0.001059221,0.0082,0.008997632,-0.400086364
2017-03-07,-0.002407864,0.0085,0.000625782,0.030878126
2017-03-08,-0.00348396,0.0084,-0.03666354,3.374640098
2017-03-09,-0.001185133,0.0086,-0.066785685,0.114989451
2017-03-10,0.005265266,0.0087,0.035043478,-0.484566585
2017-03-13,0.003548349,0.0091,0.044620766,-0.39409484
2017-03-20,-0.000567252,0.0087,-0.148317543,0.448835671
2017-03-21,-0.006672633,0.0089,0.07057921,0.223995669
2017-03-22,-0.003179254,0.0088,-0.077929058,0.201721851
2017-03-23,0.001587348,0.0088,-0.003691471,-0.518505035
2017-03-24,0.000785079,0.0087,-0.085813183,1.061951782
2017-03-27,-0.000931092,0.0089,0.083019657,-0.091335683
2017-03-28,0.007250205,0.009,0.00646843,-0.17432147
2017-03-29,-0.0011511,0.009,-0.004796163,-0.144672915
2017-03-30,0.001415005,0.0089,-0.004433735,0.065025785
2017-03-31,-0.003940392,0.0089,0.046567916,0.178912474
2017-04-03,-0.001616029,0.009,0.041103299,0.410416781
2017-04-04,0.000263671,0.009,-0.016536797,-0.204088572
2017-04-05,-0.001815919,0.0091,-0.00818734,-0.078609264
2017-04-06,-0.000476812,0.0092,0.064175395,0.580610842
2017-04-07,-0.000455022,0.0093,-0.006422554,-0.375041069
2017-04-10,0.00018356,0.0095,0.000328407,-0.26144903
2017-04-11,0.000991044,0.0092,0.01641497,-0.220961404
2017-04-12,-0.002288145,0.0093,-0.010174419,0.330565849
2017-04-13,-0.004160449,0.0092,-0.030021211,0.55962211
2017-04-14,-0.000966954,0,0.015811606,-0.403146034
2017-04-17,0.007085544,0.0092,0.019175377,1.867451093
2017-04-18,-0.004475258,0.0092,0.023255814,0.131052654
2017-04-19,-0.001407568,0.0092,0.000631313,-0.62058957
2017-04-20,0.00614742,0.0091,0.026735016,1.658415521
2017-04-21,-0.001444949,0.009,0.015669406,-0.51566285
2017-04-24,0.015035992,0.0094,-0.00052033,0.060962324
2017-04-25,0.006136612,0.0096,0.018890376,0.011690557
2017-04-26,0.000676089,0.0097,0.024817518,0.418310678
2017-04-27,-0.000790633,0.0096,0.02962963,-0.121756594
2017-04-28,-0.001870248,0.0097,-0.032304925,0.281600532
2017-05-01,0.002248503,0.0096,0.059582437,1.616043953
2017-05-02,0.002682083,0.0097,0.014467138,-0.251488185
2017-05-03,-0.002000803,0.0098,0.040846615,0.024540475
2017-05-04,0.000589229,0.0098,-0.016553007,0.771630471
2017-05-05,0.004423794,0.0099,-0.009203808,0.028866728
2017-05-08,0.001501469,0.01,0.04644001,0.574167121
2017-05-09,-0.001527775,0.0102,0.041200706,0.578416896
2017-05-10,0.001737464,0.0102,0.006218202,-0.396311583
2017-05-11,-0.001741588,0.0102,0.043932584,0.270666754
2017-05-12,0.000750761,0.0101,-0.047465289,-0.132204023
2017-05-15,0.005022756,0.01,-0.018670485,0.394165671
2017-05-16,0.002872052,0.0102,-5.61E-05,-0.382336695
2017-05-17,-0.011185936,0.0098,0.052309592,0.630843397
2017-05-18,-0.003899865,0.01,0.037975359,-0.264754184
2017-05-19,0.007146558,0.0101,0.012280972,1.040420557
2017-05-22,0.005738132,0.0103,-0.027479268,2.2092314
2017-05-23,0.001016029,0.0106,0.124173773,-0.540962638
2017-05-24,0.000347796,0.0105,0.068043088,0.139690513
2017-05-25,0.004200488,0.0106,-0.001092621,0.724274349
2017-05-26,-0.000727771,0.0106,-0.110980227,-0.083505866
2017-05-30,-0.001231109,0.0105,-0.039846813,0.260250879
2017-05-31,0.000311699,0.0106,0.042545109,0.11516387
2017-06-01,0.005955838,0.0105,0.041993077,-0.15873489
2017-06-02,0.006504889,0.0104,0.044671737,-0.399454467
2017-06-05,-0.001328941,0.0104,0.05763284,0.270351013
2017-06-06,-0.002689433,0.0106,0.080105664,1.844447361
2017-06-07,0.000351131,0.0107,-0.054406618,-0.495778291
2017-06-08,-0.001088124,0.0109,0.037685061,-0.195591283
2017-06-09,-0.000253001,0.0111,0.011889321,-0.448356059
2017-06-12,-0.003198459,0.0107,-0.133760131,1.380815463
2017-06-13,0.004858922,0.011,0.053935058,-0.48900201
2017-06-14,0.001550986,0.011,-0.114434912,0.399328395
2017-06-15,-0.00814233,0.0111,0.00463314,0.637468235
2017-06-16,0.003094335,0.0111,0.016141204,-0.565617874
2017-06-19,0.00668371,0.0111,0.035859788,-0.342530607
2017-06-20,-0.006751273,0.0112,0.069820872,0.498915345
2017-06-21,-0.001866578,0.011,-0.053215885,0.210853482
2017-06-22,0.001234951,0.0108,0.028411057,-0.369102748
2017-06-23,0.002170833,0.0108,0.006392523,-0.492955852
2017-06-26,0.002180197,0.0108,-0.026277313,0.862901432
2017-06-27,-0.004540383,0.0111,0.040917623,0.017889215
2017-06-28,0.005724276,0.011,0.006451354,-0.332916217
2017-06-29,-0.004563169,0.0112,-0.008520126,-0.441041819
2017-06-30,-0.001788569,0.0112,-0.025820182,-0.228823445
2017-07-03,0.002179756,0.0111,0.046487773,0.378252834
2017-07-05,0.000782644,0.0113,0.015736655,-0.105410099
2017-07-06,-0.005410813,0.0112,-0.00142242,-0.27782379
2017-07-07,0.001133385,0.0112,-0.055322425,0.65844949
2017-07-10,0.002165145,0.0111,-0.074292122,2.362164755
2017-07-11,0.000451863,0.0112,0.001817081,0.498034807
2017-07-12,0.008941426,0.0111,0.020944895,-0.390380431
2017-07-13,0.00313359,0.0112,-0.012013028,-0.161903864
2017-07-14,0.005731618,0.011,-0.056813803,0.473224345
2017-07-17,0.00093596,0.0108,0.125589744,-0.260503044
2017-07-18,0.00062339,0.0109,0.045696843,0.154716066
2017-07-19,0.00483172,0.011,-0.01825549,-0.208535893
2017-07-20,0.002149352,0.011,0.262548263,1.061910114
2017-07-21,-0.002034756,0.0108,-0.051636261,-0.10204267
2017-07-24,-0.001253651,0.011,0.016386832,-0.399349465
2017-07-25,0.002296647,0.0113,-0.083101894,1.63768075
2017-07-26,4.13E-05,0.0112,-0.01223398,-0.409047248
2017-07-27,0.001713307,0.0111,0.067104739,-0.039623348
2017-07-28,-0.002369798,0.0111,0.040306027,0.30772194
2017-07-31,0.001046565,0.0111,0.043223443,-0.173964595
2017-08-01,0.004615205,0.0113,-0.049859551,0.491276406
2017-08-02,-0.00015747,0.0113,-0.006208426,-0.450783779
2017-08-03,-0.001533858,0.0111,0.043023948,-0.266770484
2017-08-04,-7.54E-05,0.0112,0.01750508,0.100121479
2017-08-07,0.002462243,0.0112,0.042397391,0.475660469
2017-08-08,-0.001874645,0.0114,0.018506494,0.321199419
2017-08-09,-0.003763187,0.0113,-0.04590373,-0.184815795
2017-08-10,-0.010375814,0.0112,0.040488412,-0.266079823
2017-08-11,-0.002815824,0.0112,0.069360112,0.287529141
2017-08-14,0.007446401,0.0111,0.033803845,-0.302529337
2017-08-15,-0.002055463,0.0114,-0.015490007,0.924868081
2017-08-16,0.003037532,0.0111,0.034097702,-0.467574813
2017-08-17,-0.006886348,0.0109,-0.002196684,0.197103953
2017-08-18,-0.003153762,0.0111,-0.049522618,0.126960158
2017-08-21,0.001012676,0.0109,-0.031933138,0.236580906
2017-08-22,0.006104793,0.0111,0.007560446,1.134146579
2017-08-23,-0.00072813,0.0109,0.026052501,-0.538179613
2017-08-24,-0.000333102,0.0109,0.045375555,-0.282567204
2017-08-25,0.003040569,0.0109,0.007526782,0.46054116
2017-08-28,0.001148868,0.011,0.007353619,0.881988009
2017-08-29,-0.000967813,0.0111,0.05327353,0.525266682
2017-08-30,0.001466966,0.0109,-0.00677863,-0.46901989
2017-08-31,0.005721077,0.0106,0.033730723,0.06993781
2017-09-01,0.003400753,0.0108,0.029223184,0.543231409
2017-09-05,-0.003335049,0.0111,0.04656361,-0.001450804
2017-09-06,0.001755727,0.0115,0.037410072,-0.295198136
2017-09-07,0.003326598,0.0113,0.001647018,-0.425409639
2017-09-08,0.000438422,0.0112,-0.06648637,1.573367464
2017-09-11,0.008066173,0.0114,-0.012714946,-0.296674559
2017-09-12,0.003036272,0.0114,-0.00926696,0.238544255
2017-09-13,-0.001130923,0.0114,-0.056217772,0.776214426
2017-09-14,-0.001416949,0.0115,-0.16225763,0.756094158
2017-09-15,0.002369459,0.0115,0.134926894,0.526797814
2017-09-18,0.002343538,0.0116,0.094028641,0.590774864
2017-09-19,0.002243455,0.0117,-0.03242776,-0.189457242
2017-09-20,0.001685567,0.0118,0.007989382,-0.361483242
2017-09-21,-0.004341446,0.0117,-0.083286908,0.935375515
2017-09-22,0.001277692,0.0117,-0.004419767,-0.151084208
2017-09-25,-0.003504105,0.0117,0.066150503,0.832799565
2017-09-26,-0.003408021,0.0117,-0.009810167,-0.451941845
2017-09-27,0.001910395,0.0118,0.079799279,1.18075594
2017-09-28,0.001737112,0.0116,-0.003813065,-0.203135668
2017-09-29,0.004504596,0.0118,-0.004186503,0.027390282
2017-10-02,0.002097214,0.012,-0.007465396,0.100676471
2017-10-03,0.003701137,0.0119,-0.014654443,-0.058616605
2017-10-04,0.001106247,0.0119,-0.020394432,-0.044965946
2017-10-05,0.002015832,0.0119,0.032590417,-0.103254415
2017-10-06,-0.000955761,0.012,-0.001766177,0.113058557
2017-10-10,0.005497154,0.0124,0.008143597,-0.159303854
2017-10-11,0.001591519,0.0123,0.00503037,-0.22021447
2017-10-12,0.000551825,0.0124,0.103343718,1.389740831
2017-10-13,0.002531679,0.0123,0.062398825,0.33747538
2017-10-16,0.001398518,0.0122,-0.000559617,-0.43414178
2017-10-17,-0.002131251,0.0123,-0.0279965,0.064575767
2017-10-18,0.00131332,0.0122,0.005022502,0.995983675
2017-10-19,-1.99E-05,0.0123,0.022640563,-0.432320564
2017-10-20,0.000993654,0.0124,0.051775174,0.563476826
2017-10-23,-0.002554464,0.0123,-0.003536379,0.345663098
2017-10-24,0.000351641,0.0125,-0.067599463,-0.0216603
2017-10-25,-0.002871829,0.0125,0.031688217,-0.342206092
2017-10-26,0.000166288,0.0126,0.037281553,0.037838075
2017-10-27,0.003797376,0.0125,-0.017766584,-0.102426313
2017-10-30,0.000589646,0.0122,-0.01464929,-0.422049763
2017-10-31,0.001503043,0.0126,0.048145717,0.071621192
2017-11-01,0.002836289,0.0128,0.042536869,0.510647548
2017-11-02,0.001087795,0.0127,0.049346008,0.751165927
2017-11-03,0.000460987,0.0128,0.037136683,-0.355989335
2017-11-07,-0.00030253,0.0131,-0.049892103,0.414949457
2017-11-08,0.001855202,0.0132,0.02091569,-0.4065303
2017-11-09,-0.00390053,0.0133,0.048577865,1.592141988
2017-11-10,-0.001496443,0.0134,-0.043050893,-0.484740148
2017-11-13,-0.003043587,0.0135,-0.078061783,1.371079379
2017-11-14,-0.001913844,0.0137,0.11458172,-0.36071125
2017-11-15,-0.005798986,0.0136,0.017524898,-0.551816333
2017-11-16,0.008028457,0.0139,0.102555531,0.44719219
2017-11-17,0.000377371,0.0139,0.082352346,0.199142428
2017-11-20,0.001310373,0.0143,0.035686259,-0.039133628
2017-11-21,0.006530073,0.0142,0.024606556,-0.021302567
2017-11-22,0.002331109,0.0142,-0.020548443,0.876918738
2017-11-24,0.002728236,0.0142,-0.029720535,0.113585724
2017-11-27,-0.002557695,0.0139,0.13567557,0.578245724
2017-11-28,0.004572483,0.0143,0.045458454,-0.014439292
2017-11-29,0.000149769,0.0142,0.017376284,-0.293007155
2017-11-30,0.00246105,0.0141,-0.01242054,2.882220301
2017-12-01,-0.003896838,0.0142,0.013825215,-0.294333196
2017-12-04,0.001056262,0.0142,0.026204487,0.87238486
2017-12-05,-0.00315893,0.0145,0.039243795,-0.314716413
2017-12-06,-0.004854686,0.0145,-0.000775929,-0.23307044
2017-12-07,0.002455599,0.0144,0.165056083,0.710082171
2017-12-08,0.005030161,0.0142,0.229874843,0.688452946
2017-12-11,0.003994865,0.0144,0.018894952,0.376843928
2017-12-12,-0.000116838,0.0146,0.121644239,-0.271188447
2017-12-14,-0.002359821,0.0145,-0.034737973,-0.194841899
2017-12-15,0.002937258,0.0145,0.013109077,-0.272632705
2017-12-18,0.009518132,0.0148,-0.013066111,0.073314797
2017-12-19,-0.0030615,0.0148,-0.001793344,0.033947249
2017-12-20,7.08E-05,0.0148,-0.083751651,0.244782244
2017-12-21,0.002323935,0.0151,-0.052768166,0.231736312
2017-12-22,0.000353241,0.0151,-0.04718417,-0.201392762
2017-12-26,-0.000154057,0.0149,0.008655767,-0.369918261
2017-12-27,0.002439604,0.015,0.150066011,0.390862244
2017-12-28,0.002747481,0.0151,-0.019451531,-0.133107345
2017-12-29,-0.000581202,0.015,-0.068422764,0.325772694
2018-01-02,0.006698069,0.0158,-0.028615005,-0.316729095
2018-01-03,0.004031464,0.0156,0.100792205,0.900737815
2018-01-04,0.007821886,0.0157,0.027908822,-0.317403796
2018-01-05,0.005979308,0.0155,0.002709132,0.21120632
2018-01-08,0.001128879,0.0157,-0.057933042,0.042745505
2018-01-09,0.001177445,0.0157,-0.077873918,1.103745241
2018-01-10,-0.000180454,0.0156,-0.030697051,-0.330161371
2018-01-11,0.004014265,0.0155,0.030286267,0.317908303
2018-01-12,0.006304162,0.0156,-0.110469799,0.250014566
2018-01-16,-0.001693158,0.016,0.003542697,-0.058554855
2018-01-17,0.004578051,0.016,-0.185888664,2.932543755
2018-01-18,-0.00133963,0.016,0.004745318,0.003287527
2018-01-19,0.005304455,0.0159,-0.011083002,-0.355945344
2018-01-22,0.005727342,0.0162,-0.094965046,0.158252973
2018-01-23,0.005107079,0.016,-0.063617428,0.237208092
2018-01-24,0.001711792,0.016,0.003429419,-0.037566816
2018-01-25,0.001143256,0.0161,0.033345649,-0.45339674
2018-01-26,0.005463331,0.016,-0.00500581,0.623096879
2018-01-29,-0.005959675,0.0163,-0.052831463,-0.143338526
2018-01-30,-0.009723742,0.0163,-0.102111735,1.393796592
2018-01-31,-0.000163957,0.0163,0.011412127,-0.287713233
2018-02-01,0.000230793,0.0161,-0.09016876,0.815369196
2018-02-02,-0.017839794,0.0161,-0.045551601,0.563599459
2018-02-05,-0.028550232,0.0164,-0.165474603,0.75971492
2018-02-06,-0.008069648,0.0166,0.123213248,0.477716033
2018-02-07,0.001533388,0.0169,-0.008044282,-0.452265872
2018-02-08,-0.022145635,0.0169,0.074341591,-0.253755916
2018-02-09,-0.00124471,0.0169,0.055799617,-0.200568892
2018-02-12,0.01113108,0.0178,0.101164952,-0.009146568
2018-02-13,0.00311379,0.0176,-0.039289613,-0.215808726
2018-02-14,0.012248356,0.0177,0.10927579,0.250613557
2018-02-15,0.012068205,0.0178,0.069806738,0.334974092
2018-02-16,0.003269872,0.0179,0.004442251,-0.339653407
2018-02-20,-0.005123138,0.0183,0.000358359,0.177396704
2018-02-21,-0.001372783,0.0181,-0.061973849,0.283436677
2018-02-22,-0.001735759,0.018,-0.060607218,-0.083311685
2018-02-23,0.010889569,0.0181,0.037381088,-0.169538829
2018-02-26,0.007790431,0.0183,0.080287377,0.496070886
2018-02-27,-0.008085263,0.0183,0.035728155,-0.141178416
2018-02-28,-0.010594005,0.0182,-0.035058118,0.11838749
2018-03-01,-0.011335796,0.018,0.062755003,-0.235925787
2018-03-02,-0.000853834,0.0181,0.00749543,-0.138276445
2018-03-05,0.005371542,0.0182,0.000953702,-0.038252835
2018-03-06,0.006991711,0.0183,-0.074664357,0.678086641